[{"model": "admin.logentry", "pk": 1, "fields": {"action_time": "2021-02-04T04:19:58.130Z", "user": 1, "content_type": 7, "object_id": "1", "object_repr": "BlogType object (1)", "action_flag": 1, "change_message": "[{\"added\": {}}]"}}, {"model": "admin.logentry", "pk": 2, "fields": {"action_time": "2021-02-04T04:20:13.441Z", "user": 1, "content_type": 7, "object_id": "2", "object_repr": "BlogType object (2)", "action_flag": 1, "change_message": "[{\"added\": {}}]"}}, {"model": "admin.logentry", "pk": 3, "fields": {"action_time": "2021-02-04T04:24:30.079Z", "user": 1, "content_type": 8, "object_id": "1", "object_repr": "<Blog: 第一篇>", "action_flag": 1, "change_message": "[{\"added\": {}}]"}}, {"model": "admin.logentry", "pk": 4, "fields": {"action_time": "2021-02-04T11:27:40.628Z", "user": 1, "content_type": 8, "object_id": "2", "object_repr": "<Blog: 第二篇>", "action_flag": 1, "change_message": "[{\"added\": {}}]"}}, {"model": "admin.logentry", "pk": 5, "fields": {"action_time": "2021-02-04T12:30:43.769Z", "user": 1, "content_type": 8, "object_id": "2", "object_repr": "<Blog: 第二篇>", "action_flag": 3, "change_message": ""}}, {"model": "admin.logentry", "pk": 6, "fields": {"action_time": "2021-02-04T12:30:44.870Z", "user": 1, "content_type": 8, "object_id": "1", "object_repr": "<Blog: 第一篇>", "action_flag": 3, "change_message": ""}}, {"model": "admin.logentry", "pk": 7, "fields": {"action_time": "2021-02-04T12:31:34.438Z", "user": 1, "content_type": 8, "object_id": "3", "object_repr": "<Blog: 第一篇>", "action_flag": 1, "change_message": "[{\"added\": {}}]"}}, {"model": "admin.logentry", "pk": 8, "fields": {"action_time": "2021-02-04T13:34:12.845Z", "user": 1, "content_type": 8, "object_id": "4", "object_repr": "<Blog: 第二篇>", "action_flag": 1, "change_message": "[{\"added\": {}}]"}}, {"model": "admin.logentry", "pk": 9, "fields": {"action_time": "2021-02-04T13:36:59.812Z", "user": 1, "content_type": 8, "object_id": "5", "object_repr": "<Blog: 第三篇>", "action_flag": 1, "change_message": "[{\"added\": {}}]"}}, {"model": "admin.logentry", "pk": 10, "fields": {"action_time": "2021-02-04T14:10:16.568Z", "user": 1, "content_type": 8, "object_id": "6", "object_repr": "<Blog: 第四篇>", "action_flag": 1, "change_message": "[{\"added\": {}}]"}}, {"model": "admin.logentry", "pk": 11, "fields": {"action_time": "2021-02-06T00:26:11.731Z", "user": 1, "content_type": 8, "object_id": "3", "object_repr": "<Blog: 第一篇>", "action_flag": 3, "change_message": ""}}, {"model": "admin.logentry", "pk": 12, "fields": {"action_time": "2021-02-06T00:26:38.769Z", "user": 1, "content_type": 8, "object_id": "7", "object_repr": "<Blog: 第五篇>", "action_flag": 1, "change_message": "[{\"added\": {}}]"}}, {"model": "admin.logentry", "pk": 13, "fields": {"action_time": "2021-02-06T09:30:07.253Z", "user": 1, "content_type": 8, "object_id": "5", "object_repr": "<Blog: 第三篇>", "action_flag": 3, "change_message": ""}}, {"model": "admin.logentry", "pk": 14, "fields": {"action_time": "2021-02-06T11:10:24.585Z", "user": 1, "content_type": 8, "object_id": "7", "object_repr": "<Blog: 第五篇>", "action_flag": 2, "change_message": "[{\"changed\": {\"fields\": [\"Content\"]}}]"}}, {"model": "admin.logentry", "pk": 15, "fields": {"action_time": "2021-02-17T14:38:34.793Z", "user": 1, "content_type": 8, "object_id": "38", "object_repr": "<Blog: title 30>", "action_flag": 2, "change_message": "[{\"changed\": {\"fields\": [\"Title\", \"Content\"]}}]"}}, {"model": "admin.logentry", "pk": 16, "fields": {"action_time": "2021-02-17T16:24:54.800Z", "user": 1, "content_type": 8, "object_id": "38", "object_repr": "<Blog: title 30>", "action_flag": 2, "change_message": "[{\"changed\": {\"fields\": [\"Content\"]}}]"}}, {"model": "admin.logentry", "pk": 17, "fields": {"action_time": "2021-02-17T16:33:44.072Z", "user": 1, "content_type": 8, "object_id": "38", "object_repr": "<Blog: title 30>", "action_flag": 2, "change_message": "[{\"changed\": {\"fields\": [\"Content\"]}}]"}}, {"model": "admin.logentry", "pk": 18, "fields": {"action_time": "2021-02-21T08:51:03.620Z", "user": 1, "content_type": 9, "object_id": "1", "object_repr": "ReadNum object (1)", "action_flag": 1, "change_message": "[{\"added\": {}}]"}}, {"model": "admin.logentry", "pk": 19, "fields": {"action_time": "2021-02-22T08:50:30.704Z", "user": 1, "content_type": 10, "object_id": "1", "object_repr": "ReadDetail object (1)", "action_flag": 1, "change_message": "[{\"added\": {}}]"}}, {"model": "admin.logentry", "pk": 20, "fields": {"action_time": "2021-03-04T15:57:04.804Z", "user": 1, "content_type": 8, "object_id": "39", "object_repr": "<Blog: new 1>", "action_flag": 1, "change_message": "[{\"added\": {}}]"}}, {"model": "admin.logentry", "pk": 21, "fields": {"action_time": "2021-03-06T02:41:35.772Z", "user": 1, "content_type": 11, "object_id": "39", "object_repr": "Comment object (39)", "action_flag": 1, "change_message": "[{\"added\": {}}]"}}, {"model": "admin.logentry", "pk": 22, "fields": {"action_time": "2021-03-06T03:18:53.481Z", "user": 1, "content_type": 11, "object_id": "39", "object_repr": "qwe", "action_flag": 2, "change_message": "[{\"changed\": {\"fields\": [\"Root\", \"Parent\", \"Reply to\"]}}]"}}, {"model": "admin.logentry", "pk": 23, "fields": {"action_time": "2021-03-08T07:52:45.669Z", "user": 1, "content_type": 11, "object_id": "75", "object_repr": "<p>226</p>", "action_flag": 3, "change_message": ""}}, {"model": "admin.logentry", "pk": 24, "fields": {"action_time": "2021-03-08T08:04:58.081Z", "user": 1, "content_type": 11, "object_id": "75", "object_repr": "<p>226</p>", "action_flag": 3, "change_message": ""}}, {"model": "admin.logentry", "pk": 25, "fields": {"action_time": "2021-03-08T12:42:58.380Z", "user": 1, "content_type": 13, "object_id": "3", "object_repr": "LikeCount object (3)", "action_flag": 3, "change_message": ""}}, {"model": "admin.logentry", "pk": 26, "fields": {"action_time": "2021-03-08T12:42:58.401Z", "user": 1, "content_type": 13, "object_id": "2", "object_repr": "LikeCount object (2)", "action_flag": 3, "change_message": ""}}, {"model": "admin.logentry", "pk": 27, "fields": {"action_time": "2021-03-08T12:42:58.418Z", "user": 1, "content_type": 13, "object_id": "1", "object_repr": "LikeCount object (1)", "action_flag": 3, "change_message": ""}}, {"model": "admin.logentry", "pk": 28, "fields": {"action_time": "2021-03-08T12:43:09.844Z", "user": 1, "content_type": 12, "object_id": "3", "object_repr": "LikeRecord object (3)", "action_flag": 3, "change_message": ""}}, {"model": "admin.logentry", "pk": 29, "fields": {"action_time": "2021-03-08T12:43:09.861Z", "user": 1, "content_type": 12, "object_id": "2", "object_repr": "LikeRecord object (2)", "action_flag": 3, "change_message": ""}}, {"model": "admin.logentry", "pk": 30, "fields": {"action_time": "2021-03-08T12:43:09.875Z", "user": 1, "content_type": 12, "object_id": "1", "object_repr": "LikeRecord object (1)", "action_flag": 3, "change_message": ""}}, {"model": "admin.logentry", "pk": 31, "fields": {"action_time": "2021-03-10T08:17:17.857Z", "user": 1, "content_type": 14, "object_id": "1", "object_repr": "<Profile: 王冬阳 for zyyyye>", "action_flag": 1, "change_message": "[{\"added\": {}}]"}}, {"model": "admin.logentry", "pk": 32, "fields": {"action_time": "2021-03-10T08:43:53.187Z", "user": 1, "content_type": 14, "object_id": "1", "object_repr": "<Profile: 王冬阳 for zyyyye>", "action_flag": 2, "change_message": "[]"}}, {"model": "admin.logentry", "pk": 33, "fields": {"action_time": "2021-03-12T06:17:54.416Z", "user": 1, "content_type": 4, "object_id": "2", "object_repr": "zyyyye2", "action_flag": 2, "change_message": "[{\"changed\": {\"fields\": [\"Email address\", \"Last login\"]}}]"}}, {"model": "admin.logentry", "pk": 34, "fields": {"action_time": "2021-03-12T06:18:09.065Z", "user": 1, "content_type": 4, "object_id": "3", "object_repr": "zyyyye3", "action_flag": 2, "change_message": "[{\"changed\": {\"fields\": [\"Email address\", \"Last login\"]}}]"}}, {"model": "admin.logentry", "pk": 35, "fields": {"action_time": "2021-03-12T09:54:01.704Z", "user": 1, "content_type": 4, "object_id": "1", "object_repr": "zyyyye", "action_flag": 2, "change_message": "[{\"changed\": {\"fields\": [\"Email address\", \"Last login\"]}}]"}}, {"model": "admin.logentry", "pk": 36, "fields": {"action_time": "2021-03-12T09:54:50.056Z", "user": 1, "content_type": 4, "object_id": "3", "object_repr": "zyyyye3", "action_flag": 2, "change_message": "[{\"changed\": {\"fields\": [\"Email address\", \"Last login\"]}}]"}}, {"model": "auth.permission", "pk": 1, "fields": {"name": "Can add log entry", "content_type": 1, "codename": "add_logentry"}}, {"model": "auth.permission", "pk": 2, "fields": {"name": "Can change log entry", "content_type": 1, "codename": "change_logentry"}}, {"model": "auth.permission", "pk": 3, "fields": {"name": "Can delete log entry", "content_type": 1, "codename": "delete_logentry"}}, {"model": "auth.permission", "pk": 4, "fields": {"name": "Can view log entry", "content_type": 1, "codename": "view_logentry"}}, {"model": "auth.permission", "pk": 5, "fields": {"name": "Can add permission", "content_type": 2, "codename": "add_permission"}}, {"model": "auth.permission", "pk": 6, "fields": {"name": "Can change permission", "content_type": 2, "codename": "change_permission"}}, {"model": "auth.permission", "pk": 7, "fields": {"name": "Can delete permission", "content_type": 2, "codename": "delete_permission"}}, {"model": "auth.permission", "pk": 8, "fields": {"name": "Can view permission", "content_type": 2, "codename": "view_permission"}}, {"model": "auth.permission", "pk": 9, "fields": {"name": "Can add group", "content_type": 3, "codename": "add_group"}}, {"model": "auth.permission", "pk": 10, "fields": {"name": "Can change group", "content_type": 3, "codename": "change_group"}}, {"model": "auth.permission", "pk": 11, "fields": {"name": "Can delete group", "content_type": 3, "codename": "delete_group"}}, {"model": "auth.permission", "pk": 12, "fields": {"name": "Can view group", "content_type": 3, "codename": "view_group"}}, {"model": "auth.permission", "pk": 13, "fields": {"name": "Can add user", "content_type": 4, "codename": "add_user"}}, {"model": "auth.permission", "pk": 14, "fields": {"name": "Can change user", "content_type": 4, "codename": "change_user"}}, {"model": "auth.permission", "pk": 15, "fields": {"name": "Can delete user", "content_type": 4, "codename": "delete_user"}}, {"model": "auth.permission", "pk": 16, "fields": {"name": "Can view user", "content_type": 4, "codename": "view_user"}}, {"model": "auth.permission", "pk": 17, "fields": {"name": "Can add content type", "content_type": 5, "codename": "add_contenttype"}}, {"model": "auth.permission", "pk": 18, "fields": {"name": "Can change content type", "content_type": 5, "codename": "change_contenttype"}}, {"model": "auth.permission", "pk": 19, "fields": {"name": "Can delete content type", "content_type": 5, "codename": "delete_contenttype"}}, {"model": "auth.permission", "pk": 20, "fields": {"name": "Can view content type", "content_type": 5, "codename": "view_contenttype"}}, {"model": "auth.permission", "pk": 21, "fields": {"name": "Can add session", "content_type": 6, "codename": "add_session"}}, {"model": "auth.permission", "pk": 22, "fields": {"name": "Can change session", "content_type": 6, "codename": "change_session"}}, {"model": "auth.permission", "pk": 23, "fields": {"name": "Can delete session", "content_type": 6, "codename": "delete_session"}}, {"model": "auth.permission", "pk": 24, "fields": {"name": "Can view session", "content_type": 6, "codename": "view_session"}}, {"model": "auth.permission", "pk": 25, "fields": {"name": "Can add blog type", "content_type": 7, "codename": "add_blogtype"}}, {"model": "auth.permission", "pk": 26, "fields": {"name": "Can change blog type", "content_type": 7, "codename": "change_blogtype"}}, {"model": "auth.permission", "pk": 27, "fields": {"name": "Can delete blog type", "content_type": 7, "codename": "delete_blogtype"}}, {"model": "auth.permission", "pk": 28, "fields": {"name": "Can view blog type", "content_type": 7, "codename": "view_blogtype"}}, {"model": "auth.permission", "pk": 29, "fields": {"name": "Can add blog", "content_type": 8, "codename": "add_blog"}}, {"model": "auth.permission", "pk": 30, "fields": {"name": "Can change blog", "content_type": 8, "codename": "change_blog"}}, {"model": "auth.permission", "pk": 31, "fields": {"name": "Can delete blog", "content_type": 8, "codename": "delete_blog"}}, {"model": "auth.permission", "pk": 32, "fields": {"name": "Can view blog", "content_type": 8, "codename": "view_blog"}}, {"model": "auth.permission", "pk": 33, "fields": {"name": "Can add read num", "content_type": 9, "codename": "add_readnum"}}, {"model": "auth.permission", "pk": 34, "fields": {"name": "Can change read num", "content_type": 9, "codename": "change_readnum"}}, {"model": "auth.permission", "pk": 35, "fields": {"name": "Can delete read num", "content_type": 9, "codename": "delete_readnum"}}, {"model": "auth.permission", "pk": 36, "fields": {"name": "Can view read num", "content_type": 9, "codename": "view_readnum"}}, {"model": "auth.permission", "pk": 37, "fields": {"name": "Can add read detail", "content_type": 10, "codename": "add_readdetail"}}, {"model": "auth.permission", "pk": 38, "fields": {"name": "Can change read detail", "content_type": 10, "codename": "change_readdetail"}}, {"model": "auth.permission", "pk": 39, "fields": {"name": "Can delete read detail", "content_type": 10, "codename": "delete_readdetail"}}, {"model": "auth.permission", "pk": 40, "fields": {"name": "Can view read detail", "content_type": 10, "codename": "view_readdetail"}}, {"model": "auth.permission", "pk": 41, "fields": {"name": "Can add comment", "content_type": 11, "codename": "add_comment"}}, {"model": "auth.permission", "pk": 42, "fields": {"name": "Can change comment", "content_type": 11, "codename": "change_comment"}}, {"model": "auth.permission", "pk": 43, "fields": {"name": "Can delete comment", "content_type": 11, "codename": "delete_comment"}}, {"model": "auth.permission", "pk": 44, "fields": {"name": "Can view comment", "content_type": 11, "codename": "view_comment"}}, {"model": "auth.permission", "pk": 45, "fields": {"name": "Can add like record", "content_type": 12, "codename": "add_likerecord"}}, {"model": "auth.permission", "pk": 46, "fields": {"name": "Can change like record", "content_type": 12, "codename": "change_likerecord"}}, {"model": "auth.permission", "pk": 47, "fields": {"name": "Can delete like record", "content_type": 12, "codename": "delete_likerecord"}}, {"model": "auth.permission", "pk": 48, "fields": {"name": "Can view like record", "content_type": 12, "codename": "view_likerecord"}}, {"model": "auth.permission", "pk": 49, "fields": {"name": "Can add like count", "content_type": 13, "codename": "add_likecount"}}, {"model": "auth.permission", "pk": 50, "fields": {"name": "Can change like count", "content_type": 13, "codename": "change_likecount"}}, {"model": "auth.permission", "pk": 51, "fields": {"name": "Can delete like count", "content_type": 13, "codename": "delete_likecount"}}, {"model": "auth.permission", "pk": 52, "fields": {"name": "Can view like count", "content_type": 13, "codename": "view_likecount"}}, {"model": "auth.permission", "pk": 53, "fields": {"name": "Can add profile", "content_type": 14, "codename": "add_profile"}}, {"model": "auth.permission", "pk": 54, "fields": {"name": "Can change profile", "content_type": 14, "codename": "change_profile"}}, {"model": "auth.permission", "pk": 55, "fields": {"name": "Can delete profile", "content_type": 14, "codename": "delete_profile"}}, {"model": "auth.permission", "pk": 56, "fields": {"name": "Can view profile", "content_type": 14, "codename": "view_profile"}}, {"model": "auth.user", "pk": 1, "fields": {"password": "pbkdf2_sha256$216000$ywrxZzmn44or$asGQK7qa6CLlJalMOc4LEpdSOFVoIudHGnjuewYT2uc=", "last_login": "2021-03-12T06:17:00Z", "is_superuser": true, "username": "zyyyye", "first_name": "", "last_name": "", "email": "", "is_staff": true, "is_active": true, "date_joined": "2021-02-04T04:09:00Z", "groups": [], "user_permissions": []}}, {"model": "auth.user", "pk": 2, "fields": {"password": "pbkdf2_sha256$216000$JAIQ0mglFjcU$vZHJYtzihslOqZPYZsNc08ZtVlKBk7f6LbSN1mYT7fk=", "last_login": "2021-03-03T10:01:00Z", "is_superuser": false, "username": "zyyyye2", "first_name": "", "last_name": "", "email": "", "is_staff": false, "is_active": true, "date_joined": "2021-03-03T10:01:00Z", "groups": [], "user_permissions": []}}, {"model": "auth.user", "pk": 3, "fields": {"password": "pbkdf2_sha256$216000$yG14IGZUxJpP$zZeNLFxSH3B35ZElQNtiCDZuuPKUteXGAKAcoQGOOJk=", "last_login": "2021-03-12T09:53:00Z", "is_superuser": false, "username": "zyyyye3", "first_name": "", "last_name": "", "email": "", "is_staff": false, "is_active": true, "date_joined": "2021-03-06T09:42:00Z", "groups": [], "user_permissions": []}}, {"model": "auth.user", "pk": 4, "fields": {"password": "pbkdf2_sha256$216000$xdno3uPJNmZ4$hEGSY0i+2uy+J0+w/drcGoufiHOFda971j8ZA/TvVXc=", "last_login": "2021-03-10T08:51:28.751Z", "is_superuser": false, "username": "zyyyye4", "first_name": "", "last_name": "", "email": "zyyyye4@qq.com", "is_staff": false, "is_active": true, "date_joined": "2021-03-10T08:51:27.675Z", "groups": [], "user_permissions": []}}, {"model": "auth.user", "pk": 5, "fields": {"password": "pbkdf2_sha256$216000$uIprhzapGMkp$zHHc6gsCcoGCW6kkFoHJ8doCmSluJJCYjz4VVKlJRxI=", "last_login": "2021-03-12T06:14:13.261Z", "is_superuser": false, "username": "zyyyye5", "first_name": "", "last_name": "", "email": "zyyyye5@qq.com", "is_staff": false, "is_active": true, "date_joined": "2021-03-10T08:52:12.072Z", "groups": [], "user_permissions": []}}, {"model": "auth.user", "pk": 6, "fields": {"password": "pbkdf2_sha256$216000$JeZMju6NICga$LtRx99TbhQHGaAj1lp35AuiWkTntN1GqT/cK/bQeEZo=", "last_login": "2021-03-10T08:55:10.862Z", "is_superuser": false, "username": "zyyyye6", "first_name": "", "last_name": "", "email": "zyyyye6@qq.com", "is_staff": false, "is_active": true, "date_joined": "2021-03-10T08:55:09.778Z", "groups": [], "user_permissions": []}}, {"model": "auth.user", "pk": 7, "fields": {"password": "pbkdf2_sha256$216000$M5xsu0pCEL1k$qPiEFaR0O2w5So/8aixut1hAoTcUasPnPTMCLE2kU5o=", "last_login": "2021-03-10T09:02:41.234Z", "is_superuser": false, "username": "zyyyye7", "first_name": "", "last_name": "", "email": "zyyyye7@qq.com", "is_staff": false, "is_active": true, "date_joined": "2021-03-10T09:02:38.143Z", "groups": [], "user_permissions": []}}, {"model": "auth.user", "pk": 8, "fields": {"password": "pbkdf2_sha256$216000$eThoAB4Xtp2K$PDNx6Aufx0CdusCr5OEtzIq9ku6jfvalREhSlLMBAEg=", "last_login": "2021-03-10T09:17:03.538Z", "is_superuser": false, "username": "zyyyye8", "first_name": "", "last_name": "", "email": "zyyyye8@qq.com", "is_staff": false, "is_active": true, "date_joined": "2021-03-10T09:17:01.122Z", "groups": [], "user_permissions": []}}, {"model": "auth.user", "pk": 9, "fields": {"password": "pbkdf2_sha256$216000$KzGGzSMrE2MU$ZtCeUTF+WQAjlMumqlP0bk6LCDwZqeg5zrTW4jQtLDc=", "last_login": "2021-03-12T06:15:43.580Z", "is_superuser": false, "username": "zyyyye9", "first_name": "", "last_name": "", "email": "zyyyye9@qq.com", "is_staff": false, "is_active": true, "date_joined": "2021-03-12T06:15:43.084Z", "groups": [], "user_permissions": []}}, {"model": "auth.user", "pk": 10, "fields": {"password": "pbkdf2_sha256$216000$jhMcxb1C1UNe$qxBOvQHYcNMDCrgsu8nrPWYs+pHK0Kju0rjtQZ9CecA=", "last_login": "2021-03-13T03:19:48.647Z", "is_superuser": false, "username": "zyyyye10", "first_name": "", "last_name": "", "email": "1044133097@qq.com", "is_staff": false, "is_active": true, "date_joined": "2021-03-12T09:56:12.253Z", "groups": [], "user_permissions": []}}, {"model": "contenttypes.contenttype", "pk": 1, "fields": {"app_label": "admin", "model": "logentry"}}, {"model": "contenttypes.contenttype", "pk": 2, "fields": {"app_label": "auth", "model": "permission"}}, {"model": "contenttypes.contenttype", "pk": 3, "fields": {"app_label": "auth", "model": "group"}}, {"model": "contenttypes.contenttype", "pk": 4, "fields": {"app_label": "auth", "model": "user"}}, {"model": "contenttypes.contenttype", "pk": 5, "fields": {"app_label": "contenttypes", "model": "contenttype"}}, {"model": "contenttypes.contenttype", "pk": 6, "fields": {"app_label": "sessions", "model": "session"}}, {"model": "contenttypes.contenttype", "pk": 7, "fields": {"app_label": "blog", "model": "blogtype"}}, {"model": "contenttypes.contenttype", "pk": 8, "fields": {"app_label": "blog", "model": "blog"}}, {"model": "contenttypes.contenttype", "pk": 9, "fields": {"app_label": "read_statistics", "model": "readnum"}}, {"model": "contenttypes.contenttype", "pk": 10, "fields": {"app_label": "read_statistics", "model": "readdetail"}}, {"model": "contenttypes.contenttype", "pk": 11, "fields": {"app_label": "comment", "model": "comment"}}, {"model": "contenttypes.contenttype", "pk": 12, "fields": {"app_label": "likes", "model": "likerecord"}}, {"model": "contenttypes.contenttype", "pk": 13, "fields": {"app_label": "likes", "model": "likecount"}}, {"model": "contenttypes.contenttype", "pk": 14, "fields": {"app_label": "user", "model": "profile"}}, {"model": "sessions.session", "pk": "6axpnz8mpah7osloumgy9fbllopqvbgz", "fields": {"session_data": ".eJxVjDsOwjAQBe_iGlnxL3Eo6XOGaHe9iwPIlvKpEHcnkVJA-2bmvdUI25rHbeF5nJK6KqMuvxsCPbkcID2g3KumWtZ5Qn0o-qSLHmri1-10_w4yLHmvgQylXUdyje3EU9-6Lhgn1qOJwbTsSQiDNMCC0kkfLUcLiQI3KEF9vhBqOUY:1lCNxy:FhQzLpyDp-JkHT4CqmnOMTS8wk1k4Mga6D3Z_zX3tq0", "expire_date": "2021-03-03T14:38:10.017Z"}}, {"model": "sessions.session", "pk": "dxjqgndtxd1pk59pxm89gkqi0ltr0p6b", "fields": {"session_data": ".eJxVjDsOwjAQBe_iGlnxL3Eo6XOGaHe9iwPIlvKpEHcnkVJA-2bmvdUI25rHbeF5nJK6KqMuvxsCPbkcID2g3KumWtZ5Qn0o-qSLHmri1-10_w4yLHmvgQylXUdyje3EU9-6Lhgn1qOJwbTsSQiDNMCC0kkfLUcLiQI3KEF9vhBqOUY:1l7W44:KSpnToI0PVIfmIVfI9csZaWse4hi-ELfvrFG3q6Lf3I", "expire_date": "2021-02-18T04:16:20.882Z"}}, {"model": "sessions.session", "pk": "fgggjoqjppzfkcxr5ew5v337wp1bs30z", "fields": {"session_data": ".eJxVjDsOwjAQBe_iGlnxL3Eo6XOGaHe9iwPIlvKpEHcnkVJA-2bmvdUI25rHbeF5nJK6KqMuvxsCPbkcID2g3KumWtZ5Qn0o-qSLHmri1-10_w4yLHmvgQylXUdyje3EU9-6Lhgn1qOJwbTsSQiDNMCC0kkfLUcLiQI3KEF9vhBqOUY:1l8LS4:kRo8nG7Dupjztob1w7HbcWMUjVRTj-eygAEneYj56VY", "expire_date": "2021-02-20T11:08:32.929Z"}}, {"model": "sessions.session", "pk": "kawevjua4knn0j36665xb9vsse3mrqp1", "fields": {"session_data": ".eJxVjDsOwjAQBe_iGlnxL3Eo6XOGaHe9iwPIlvKpEHcnkVJA-2bmvdUI25rHbeF5nJK6KqMuvxsCPbkcID2g3KumWtZ5Qn0o-qSLHmri1-10_w4yLHmvgQylXUdyje3EU9-6Lhgn1qOJwbTsSQiDNMCC0kkfLUcLiQI3KEF9vhBqOUY:1l8BOp:4Bl1Pv6o0L0jjf_iLL1xkOMu10B3xZsS70kPNTjWo00", "expire_date": "2021-02-20T00:24:31.323Z"}}, {"model": "sessions.session", "pk": "qtqqqgqy3pumiogk0iqmjznrni1qdeir", "fields": {"session_data": ".eJxVjEsOwjAMBe-SNYoCTk3Ckj1niBzbIQWUSv2sEHenlbqA7ZuZ9zaJlrmmZdIx9WIuBszhd8vET20bkAe1-2B5aPPYZ7spdqeTvQ2ir-vu_h1UmupaewHwBZ1y6AAFuzNiDBTYiT-VEjVCdoFBoNMMqEQrCYocPPHRRfP5AtxrOBQ:1lITSH:VpuFKiUK2qKsZ_K6kaxYlK9gS8lOTPdSlslPLRzrDFM", "expire_date": "2021-03-20T09:42:37.702Z"}}, {"model": "sessions.session", "pk": "sfxh79vmc27k2wxcni3ke0xdfrjpacf9", "fields": {"session_data": ".eJxVjDsOwjAQBe_iGlnxL3Eo6XOGaHe9iwPIlvKpEHcnkVJA-2bmvdUI25rHbeF5nJK6KqMuvxsCPbkcID2g3KumWtZ5Qn0o-qSLHmri1-10_w4yLHmvgQylXUdyje3EU9-6Lhgn1qOJwbTsSQiDNMCC0kkfLUcLiQI3KEF9vhBqOUY:1lKb6z:1c8uau5Erdnmg-tsQZJ-8SXGUCiyMWm7InhjkvB7FtA", "expire_date": "2021-03-26T06:17:25.159Z"}}, {"model": "sessions.session", "pk": "t1nm2ezbocnhye5a3dot3f7591wmqywk", "fields": {"session_data": ".eJxVjDsOgzAQBe_iOkJe499Sps8ZLHvXDuQDEoYqyt3jSDS0b2beR9Q8c6CFc9imdxYDWDBWGm39RYS4b2PYa17DxGIQIMVpTJGeLW-EH3G-Lx0t87ZOqfsr3UFrd2vvr-vhng7GWMdWOy-BAErvyfdE2hlVsCROWisbVUQEYKYIyjqltHHYF0TL5Flilii-Pyh8P-g:1lKuoe:BZvDoS80hrEG3D1BntX-vtkewONMpNsUt4RZs9sohc4", "expire_date": "2021-03-27T03:19:48.677Z"}}, {"model": "sessions.session", "pk": "ynv925vkg3oq5cysh2kg5wfuoyoigb55", "fields": {"session_data": ".eJxVjDsOwjAQBe_iGlnxL3Eo6XOGaHe9iwPIlvKpEHcnkVJA-2bmvdUI25rHbeF5nJK6KqMuvxsCPbkcID2g3KumWtZ5Qn0o-qSLHmri1-10_w4yLHmvgQylXUdyje3EU9-6Lhgn1qOJwbTsSQiDNMCC0kkfLUcLiQI3KEF9vhBqOUY:1lEnJq:lLMjNjy9aWQCgzIokS1JFr41uKCI5_C067U-AyJGs6c", "expire_date": "2021-03-10T06:06:42.908Z"}}, {"model": "blog.blogtype", "pk": 1, "fields": {"type_name": "Django"}}, {"model": "blog.blogtype", "pk": 2, "fields": {"type_name": "随笔"}}, {"model": "blog.blog", "pk": 4, "fields": {"title": "第二篇", "blog_type": 1, "content": "123", "author": 1, "readed_num": 0, "created_time": "2021-02-04T13:34:12.832Z", "last_updated_time": "2021-02-04T13:34:12.833Z"}}, {"model": "blog.blog", "pk": 6, "fields": {"title": "第四篇", "blog_type": 2, "content": "啊", "author": 1, "readed_num": 0, "created_time": "2021-02-04T14:10:16.561Z", "last_updated_time": "2021-02-04T14:10:16.561Z"}}, {"model": "blog.blog", "pk": 7, "fields": {"title": "第五篇", "blog_type": 1, "content": "站位符站位符站位符站位符站位符站位符站位符站位符站位符站位符站位符站位符站位符站位符站位符站位符\r\n站位符站位符站位符站位符站位符站位符站位符站位符站位符站位符站位符站位符站位符站位符站位符站位符\r\n站位符站位符站位符站位符站位符站位符站位符站位符站位符站位符站位符站位符站位符站位符站位符站位符\r\n站位符站位符站位符站位符站位符站位符站位符站位符站位符站位符站位符站位符站位符站位符站位符站位符\r\n站位符站位符站位符站位符站位符站位符站位符站位符站位符站位符站位符站位符站位符站位符站位符站位符\r\n站位符站位符站位符站位符站位符站位符站位符站位符站位符站位符站位符站位符站位符站位符站位符站位符\r\n站位符站位符站位符站位符站位符站位符站位符站位符站位符站位符站位符站位符站位符站位符站位符站位符\r\n站位符站位符站位符站位符站位符站位符站位符站位符站位符站位符站位符站位符站位符站位符站位符站位符站位符站位符站位符站位符站位符站位符站位符站位符站位符站位符站位符站位符站位符站位符站位符站位符\r\n站位符站位符站位符站位符站位符站位符站位符站位符站位符站位符站位符站位符站位符站位符站位符站位符\r\n站位符站位符站位符站位符站位符站位符站位符站位符站位符站位符站位符站位符站位符站位符站位符站位符\r\n站位符站位符站位符站位符站位符站位符站位符站位符站位符站位符站位符站位符站位符站位符站位符站位符站位符站位符站位符站位符站位符站位符站位符站位符站位符站位符站位符站位符站位符站位符站位符站位符\r\n站位符站位符站位符站位符站位符站位符站位符站位符站位符站位符站位符站位符站位符站位符站位符站位符\r\n站位符站位符站位符站位符站位符站位符站位符站位符站位符站位符站位符站位符站位符站位符站位符站位符\r\n站位符站位符站位符站位符站位符站位符站位符站位符站位符站位符站位符站位符站位符站位符站位符站位符站位符站位符站位符站位符站位符站位符站位符站位符站位符站位符站位符站位符站位符站位符站位符站位符\r\n站位符站位符站位符站位符站位符站位符站位符站位符站位符站位符站位符站位符站位符站位符站位符站位符\r\n站位符站位符站位符站位符站位符站位符站位符站位符站位符站位符站位符站位符站位符站位符站位符站位符\r\n站位符站位符站位符站位符站位符站位符站位符站位符站位符站位符站位符站位符站位符站位符站位符站位符站位符站位符站位符站位符站位符站位符站位符站位符站位符站位符站位符站位符站位符站位符站位符站位符\r\n站位符站位符站位符站位符站位符站位符站位符站位符站位符站位符站位符站位符站位符站位符站位符站位符\r\n站位符站位符站位符站位符站位符站位符站位符站位符站位符站位符站位符站位符站位符站位符站位符站位符\r\n站位符站位符站位符站位符站位符站位符站位符站位符站位符站位符站位符站位符站位符站位符站位符站位符站位符站位符站位符站位符站位符站位符站位符站位符站位符站位符站位符站位符站位符站位符站位符站位符\r\n站位符站位符站位符站位符站位符站位符站位符站位符站位符站位符站位符站位符站位符站位符站位符站位符\r\n站位符站位符站位符站位符站位符站位符站位符站位符站位符站位符站位符站位符站位符站位符站位符站位符\r\n站位符站位符站位符站位符站位符站位符站位符站位符站位符站位符站位符站位符站位符站位符站位符站位符站位符站位符站位符站位符站位符站位符站位符站位符站位符站位符站位符站位符站位符站位符站位符站位符\r\n站位符站位符站位符站位符站位符站位符站位符站位符站位符站位符站位符站位符站位符站位符站位符站位符\r\n站位符站位符站位符站位符站位符站位符站位符站位符站位符站位符站位符站位符站位符站位符站位符站位符\r\n站位符站位符站位符站位符站位符站位符站位符站位符站位符站位符站位符站位符站位符站位符站位符站位符站位符站位符站位符站位符站位符站位符站位符站位符站位符站位符站位符站位符站位符站位符站位符站位符\r\n站位符站位符站位符站位符站位符站位符站位符站位符站位符站位符站位符站位符站位符站位符站位符站位符\r\n站位符站位符站位符站位符站位符站位符站位符站位符站位符站位符站位符站位符站位符站位符站位符站位符\r\n站位符站位符站位符站位符站位符站位符站位符站位符站位符站位符站位符站位符站位符站位符站位符站位符站位符站位符站位符站位符站位符站位符站位符站位符站位符站位符站位符站位符站位符站位符站位符站位符\r\n站位符站位符站位符站位符站位符站位符站位符站位符站位符站位符站位符站位符站位符站位符站位符站位符\r\n站位符站位符站位符站位符站位符站位符站位符站位符站位符站位符站位符站位符站位符站位符站位符站位符\r\n站位符站位符站位符站位符站位符站位符站位符站位符站位符站位符站位符站位符站位符站位符站位符站位符站位符站位符站位符站位符站位符站位符站位符站位符站位符站位符站位符站位符站位符站位符站位符站位符\r\n站位符站位符站位符站位符站位符站位符站位符站位符站位符站位符站位符站位符站位符站位符站位符站位符\r\n站位符站位符站位符站位符站位符站位符站位符站位符站位符站位符站位符站位符站位符站位符站位符站位符\r\n站位符站位符站位符站位符站位符站位符站位符站位符站位符站位符站位符站位符站位符站位符站位符站位符站位符站位符站位符站位符站位符站位符站位符站位符站位符站位符站位符站位符站位符站位符站位符站位符\r\n站位符站位符站位符站位符站位符站位符站位符站位符站位符站位符站位符站位符站位符站位符站位符站位符\r\n站位符站位符站位符站位符站位符站位符站位符站位符站位符站位符站位符站位符站位符站位符站位符站位符\r\n站位符站位符站位符站位符站位符站位符站位符站位符站位符站位符站位符站位符站位符站位符站位符站位符站位符站位符站位符站位符站位符站位符站位符站位符站位符站位符站位符站位符站位符站位符站位符站位符\r\n站位符站位符站位符站位符站位符站位符站位符站位符站位符站位符站位符站位符站位符站位符站位符站位符\r\n站位符站位符站位符站位符站位符站位符站位符站位符站位符站位符站位符站位符站位符站位符站位符站位符\r\n站位符站位符站位符站位符站位符站位符站位符站位符站位符站位符站位符站位符站位符站位符站位符站位符站位符站位符站位符站位符站位符站位符站位符站位符站位符站位符站位符站位符站位符站位符站位符站位符\r\n站位符站位符站位符站位符站位符站位符站位符站位符站位符站位符站位符站位符站位符站位符站位符站位符\r\n站位符站位符站位符站位符站位符站位符站位符站位符站位符站位符站位符站位符站位符站位符站位符站位符\r\n站位符站位符站位符站位符站位符站位符站位符站位符站位符站位符站位符站位符站位符站位符站位符站位符站位符站位符站位符站位符站位符站位符站位符站位符站位符站位符站位符站位符站位符站位符站位符站位符\r\n站位符站位符站位符站位符站位符站位符站位符站位符站位符站位符站位符站位符站位符站位符站位符站位符\r\n站位符站位符站位符站位符站位符站位符站位符站位符站位符站位符站位符站位符站位符站位符站位符站位符\r\n站位符站位符站位符站位符站位符站位符站位符站位符站位符站位符站位符站位符站位符站位符站位符站位符站位符站位符站位符站位符站位符站位符站位符站位符站位符站位符站位符站位符站位符站位符站位符站位符\r\n站位符站位符站位符站位符站位符站位符站位符站位符站位符站位符站位符站位符站位符站位符站位符站位符\r\n站位符站位符站位符站位符站位符站位符站位符站位符站位符站位符站位符站位符站位符站位符站位符站位符\r\n站位符站位符站位符站位符站位符站位符站位符站位符站位符站位符站位符站位符站位符站位符站位符站位符站位符站位符站位符站位符站位符站位符站位符站位符站位符站位符站位符站位符站位符站位符站位符站位符\r\n站位符站位符站位符站位符站位符站位符站位符站位符站位符站位符站位符站位符站位符站位符站位符站位符\r\n站位符站位符站位符站位符站位符站位符站位符站位符站位符站位符站位符站位符站位符站位符站位符站位符\r\n站位符站位符站位符站位符站位符站位符站位符站位符站位符站位符站位符站位符站位符站位符站位符站位符", "author": 1, "readed_num": 0, "created_time": "2021-02-06T00:26:38.763Z", "last_updated_time": "2021-02-06T11:10:24.583Z"}}, {"model": "blog.blog", "pk": 8, "fields": {"title": "shell_first", "blog_type": 1, "content": "xxx", "author": 1, "readed_num": 0, "created_time": "2021-02-06T16:09:46.583Z", "last_updated_time": "2021-02-06T16:09:46.583Z"}}, {"model": "blog.blog", "pk": 9, "fields": {"title": "title 1 ", "blog_type": 1, "content": "content 1", "author": 1, "readed_num": 0, "created_time": "2021-02-06T16:23:03.548Z", "last_updated_time": "2021-02-06T16:23:03.548Z"}}, {"model": "blog.blog", "pk": 10, "fields": {"title": "title 2 ", "blog_type": 1, "content": "content 2", "author": 1, "readed_num": 0, "created_time": "2021-02-06T16:23:03.578Z", "last_updated_time": "2021-02-06T16:23:03.578Z"}}, {"model": "blog.blog", "pk": 11, "fields": {"title": "title 3 ", "blog_type": 1, "content": "content 3", "author": 1, "readed_num": 0, "created_time": "2021-02-06T16:23:03.586Z", "last_updated_time": "2021-02-06T16:23:03.586Z"}}, {"model": "blog.blog", "pk": 12, "fields": {"title": "title 4 ", "blog_type": 1, "content": "content 4", "author": 1, "readed_num": 0, "created_time": "2021-02-06T16:23:03.597Z", "last_updated_time": "2021-02-06T16:23:03.597Z"}}, {"model": "blog.blog", "pk": 13, "fields": {"title": "title 5 ", "blog_type": 1, "content": "content 5", "author": 1, "readed_num": 0, "created_time": "2021-02-06T16:23:03.608Z", "last_updated_time": "2021-02-06T16:23:03.608Z"}}, {"model": "blog.blog", "pk": 14, "fields": {"title": "title 6 ", "blog_type": 1, "content": "content 6", "author": 1, "readed_num": 0, "created_time": "2021-02-06T16:23:03.614Z", "last_updated_time": "2021-02-06T16:23:03.614Z"}}, {"model": "blog.blog", "pk": 15, "fields": {"title": "title 7 ", "blog_type": 1, "content": "content 7", "author": 1, "readed_num": 0, "created_time": "2021-02-06T16:23:03.630Z", "last_updated_time": "2021-02-06T16:23:03.630Z"}}, {"model": "blog.blog", "pk": 16, "fields": {"title": "title 8 ", "blog_type": 1, "content": "content 8", "author": 1, "readed_num": 0, "created_time": "2021-02-06T16:23:03.645Z", "last_updated_time": "2021-02-06T16:23:03.645Z"}}, {"model": "blog.blog", "pk": 17, "fields": {"title": "title 9 ", "blog_type": 1, "content": "content 9", "author": 1, "readed_num": 0, "created_time": "2021-02-06T16:23:03.654Z", "last_updated_time": "2021-02-06T16:23:03.654Z"}}, {"model": "blog.blog", "pk": 18, "fields": {"title": "title 10 ", "blog_type": 1, "content": "content 10", "author": 1, "readed_num": 0, "created_time": "2021-02-06T16:23:03.663Z", "last_updated_time": "2021-02-06T16:23:03.663Z"}}, {"model": "blog.blog", "pk": 19, "fields": {"title": "title 11 ", "blog_type": 1, "content": "content 11", "author": 1, "readed_num": 0, "created_time": "2021-02-06T16:23:03.675Z", "last_updated_time": "2021-02-06T16:23:03.675Z"}}, {"model": "blog.blog", "pk": 20, "fields": {"title": "title 12 ", "blog_type": 1, "content": "content 12", "author": 1, "readed_num": 0, "created_time": "2021-02-06T16:23:03.686Z", "last_updated_time": "2021-02-06T16:23:03.686Z"}}, {"model": "blog.blog", "pk": 21, "fields": {"title": "title 13 ", "blog_type": 1, "content": "content 13", "author": 1, "readed_num": 0, "created_time": "2021-02-06T16:23:03.693Z", "last_updated_time": "2021-02-06T16:23:03.693Z"}}, {"model": "blog.blog", "pk": 22, "fields": {"title": "title 14 ", "blog_type": 1, "content": "content 14", "author": 1, "readed_num": 0, "created_time": "2021-02-06T16:23:03.705Z", "last_updated_time": "2021-02-06T16:23:03.705Z"}}, {"model": "blog.blog", "pk": 23, "fields": {"title": "title 15 ", "blog_type": 1, "content": "content 15", "author": 1, "readed_num": 0, "created_time": "2021-02-06T16:23:03.712Z", "last_updated_time": "2021-02-06T16:23:03.712Z"}}, {"model": "blog.blog", "pk": 24, "fields": {"title": "title 16 ", "blog_type": 1, "content": "content 16", "author": 1, "readed_num": 0, "created_time": "2021-02-06T16:23:03.724Z", "last_updated_time": "2021-02-06T16:23:03.724Z"}}, {"model": "blog.blog", "pk": 25, "fields": {"title": "title 17 ", "blog_type": 1, "content": "content 17", "author": 1, "readed_num": 0, "created_time": "2021-02-06T16:23:03.739Z", "last_updated_time": "2021-02-06T16:23:03.739Z"}}, {"model": "blog.blog", "pk": 26, "fields": {"title": "title 18 ", "blog_type": 1, "content": "content 18", "author": 1, "readed_num": 0, "created_time": "2021-02-06T16:23:03.745Z", "last_updated_time": "2021-02-06T16:23:03.745Z"}}, {"model": "blog.blog", "pk": 27, "fields": {"title": "title 19 ", "blog_type": 1, "content": "content 19", "author": 1, "readed_num": 0, "created_time": "2021-02-06T16:23:03.754Z", "last_updated_time": "2021-02-06T16:23:03.754Z"}}, {"model": "blog.blog", "pk": 28, "fields": {"title": "title 20 ", "blog_type": 1, "content": "content 20", "author": 1, "readed_num": 0, "created_time": "2021-02-06T16:23:03.764Z", "last_updated_time": "2021-02-06T16:23:03.764Z"}}, {"model": "blog.blog", "pk": 29, "fields": {"title": "title 21 ", "blog_type": 1, "content": "content 21", "author": 1, "readed_num": 0, "created_time": "2021-02-06T16:23:03.774Z", "last_updated_time": "2021-02-06T16:23:03.774Z"}}, {"model": "blog.blog", "pk": 30, "fields": {"title": "title 22 ", "blog_type": 1, "content": "content 22", "author": 1, "readed_num": 0, "created_time": "2021-02-06T16:23:03.791Z", "last_updated_time": "2021-02-06T16:23:03.791Z"}}, {"model": "blog.blog", "pk": 31, "fields": {"title": "title 23 ", "blog_type": 1, "content": "content 23", "author": 1, "readed_num": 0, "created_time": "2021-02-06T16:23:03.798Z", "last_updated_time": "2021-02-06T16:23:03.798Z"}}, {"model": "blog.blog", "pk": 32, "fields": {"title": "title 24 ", "blog_type": 1, "content": "content 24", "author": 1, "readed_num": 0, "created_time": "2021-02-06T16:23:03.809Z", "last_updated_time": "2021-02-06T16:23:03.809Z"}}, {"model": "blog.blog", "pk": 33, "fields": {"title": "title 25 ", "blog_type": 1, "content": "content 25", "author": 1, "readed_num": 0, "created_time": "2021-02-06T16:23:03.818Z", "last_updated_time": "2021-02-06T16:23:03.818Z"}}, {"model": "blog.blog", "pk": 34, "fields": {"title": "title 26 ", "blog_type": 1, "content": "content 26", "author": 1, "readed_num": 0, "created_time": "2021-02-06T16:23:03.829Z", "last_updated_time": "2021-02-06T16:23:03.829Z"}}, {"model": "blog.blog", "pk": 35, "fields": {"title": "title 27 ", "blog_type": 1, "content": "content 27", "author": 1, "readed_num": 0, "created_time": "2021-02-06T16:23:03.842Z", "last_updated_time": "2021-02-06T16:23:03.842Z"}}, {"model": "blog.blog", "pk": 36, "fields": {"title": "title 28 ", "blog_type": 1, "content": "content 28", "author": 1, "readed_num": 3, "created_time": "2021-02-06T16:23:03.850Z", "last_updated_time": "2021-02-20T09:32:53.361Z"}}, {"model": "blog.blog", "pk": 37, "fields": {"title": "title 29 ", "blog_type": 1, "content": "content 29", "author": 1, "readed_num": 1, "created_time": "2021-02-06T16:23:03.862Z", "last_updated_time": "2021-02-20T11:16:39.035Z"}}, {"model": "blog.blog", "pk": 38, "fields": {"title": "title 30", "blog_type": 1, "content": "<p><img alt=\"\" src=\"/media/upload/2021/02/17/2021-02-16-18-02-21.png\" style=\"height:300px; width:400px\" /></p>", "author": 1, "readed_num": 4, "created_time": "2021-02-06T16:23:03.872Z", "last_updated_time": "2021-02-20T11:13:05.685Z"}}, {"model": "blog.blog", "pk": 39, "fields": {"title": "new 1", "blog_type": 2, "content": "<p>new_test</p>", "author": 1, "readed_num": 0, "created_time": "2021-03-04T15:57:04.787Z", "last_updated_time": "2021-03-04T15:57:04.787Z"}}, {"model": "read_statistics.readnum", "pk": 1, "fields": {"read_num": 11, "content_type": 8, "object_id": 10}}, {"model": "read_statistics.readnum", "pk": 2, "fields": {"read_num": 5, "content_type": 8, "object_id": 36}}, {"model": "read_statistics.readnum", "pk": 3, "fields": {"read_num": 2, "content_type": 8, "object_id": 35}}, {"model": "read_statistics.readnum", "pk": 4, "fields": {"read_num": 1, "content_type": 8, "object_id": 34}}, {"model": "read_statistics.readnum", "pk": 5, "fields": {"read_num": 2, "content_type": 8, "object_id": 32}}, {"model": "read_statistics.readnum", "pk": 6, "fields": {"read_num": 18, "content_type": 8, "object_id": 38}}, {"model": "read_statistics.readnum", "pk": 7, "fields": {"read_num": 7, "content_type": 8, "object_id": 37}}, {"model": "read_statistics.readnum", "pk": 8, "fields": {"read_num": 9, "content_type": 8, "object_id": 39}}, {"model": "read_statistics.readdetail", "pk": 1, "fields": {"read_num": 4, "date": "2021-02-21", "content_type": 8, "object_id": 10}}, {"model": "read_statistics.readdetail", "pk": 2, "fields": {"read_num": 1, "date": "2021-02-22", "content_type": 8, "object_id": 38}}, {"model": "read_statistics.readdetail", "pk": 3, "fields": {"read_num": 1, "date": "2021-02-22", "content_type": 8, "object_id": 37}}, {"model": "read_statistics.readdetail", "pk": 4, "fields": {"read_num": 1, "date": "2021-02-23", "content_type": 8, "object_id": 38}}, {"model": "read_statistics.readdetail", "pk": 5, "fields": {"read_num": 1, "date": "2021-02-24", "content_type": 8, "object_id": 37}}, {"model": "read_statistics.readdetail", "pk": 6, "fields": {"read_num": 1, "date": "2021-03-04", "content_type": 8, "object_id": 36}}, {"model": "read_statistics.readdetail", "pk": 7, "fields": {"read_num": 1, "date": "2021-03-04", "content_type": 8, "object_id": 35}}, {"model": "read_statistics.readdetail", "pk": 8, "fields": {"read_num": 1, "date": "2021-03-04", "content_type": 8, "object_id": 37}}, {"model": "read_statistics.readdetail", "pk": 9, "fields": {"read_num": 5, "date": "2021-03-04", "content_type": 8, "object_id": 38}}, {"model": "read_statistics.readdetail", "pk": 10, "fields": {"read_num": 1, "date": "2021-03-04", "content_type": 8, "object_id": 32}}, {"model": "read_statistics.readdetail", "pk": 11, "fields": {"read_num": 1, "date": "2021-03-06", "content_type": 8, "object_id": 39}}, {"model": "read_statistics.readdetail", "pk": 12, "fields": {"read_num": 1, "date": "2021-03-08", "content_type": 8, "object_id": 38}}, {"model": "read_statistics.readdetail", "pk": 13, "fields": {"read_num": 1, "date": "2021-03-08", "content_type": 8, "object_id": 39}}, {"model": "read_statistics.readdetail", "pk": 14, "fields": {"read_num": 1, "date": "2021-03-08", "content_type": 8, "object_id": 37}}, {"model": "read_statistics.readdetail", "pk": 15, "fields": {"read_num": 4, "date": "2021-03-09", "content_type": 8, "object_id": 39}}, {"model": "read_statistics.readdetail", "pk": 16, "fields": {"read_num": 1, "date": "2021-03-09", "content_type": 8, "object_id": 37}}, {"model": "read_statistics.readdetail", "pk": 17, "fields": {"read_num": 2, "date": "2021-03-09", "content_type": 8, "object_id": 38}}, {"model": "read_statistics.readdetail", "pk": 18, "fields": {"read_num": 2, "date": "2021-03-11", "content_type": 8, "object_id": 39}}, {"model": "read_statistics.readdetail", "pk": 19, "fields": {"read_num": 1, "date": "2021-03-11", "content_type": 8, "object_id": 38}}, {"model": "read_statistics.readdetail", "pk": 20, "fields": {"read_num": 1, "date": "2021-03-15", "content_type": 8, "object_id": 39}}, {"model": "comment.comment", "pk": 1, "fields": {"content_type": 8, "object_id": 38, "text": "123", "comment_time": "2021-02-25T10:25:43.155Z", "user": 1, "root": null, "parent": null, "reply_to": null}}, {"model": "comment.comment", "pk": 2, "fields": {"content_type": 8, "object_id": 38, "text": "234", "comment_time": "2021-02-25T10:42:02.274Z", "user": 1, "root": null, "parent": null, "reply_to": null}}, {"model": "comment.comment", "pk": 3, "fields": {"content_type": 8, "object_id": 38, "text": "", "comment_time": "2021-02-25T10:44:19.987Z", "user": 1, "root": null, "parent": null, "reply_to": null}}, {"model": "comment.comment", "pk": 4, "fields": {"content_type": 8, "object_id": 38, "text": "uio", "comment_time": "2021-03-04T09:49:26.648Z", "user": 1, "root": null, "parent": null, "reply_to": null}}, {"model": "comment.comment", "pk": 5, "fields": {"content_type": 8, "object_id": 38, "text": "<p>a</p>", "comment_time": "2021-03-04T10:21:19.431Z", "user": 1, "root": null, "parent": null, "reply_to": null}}, {"model": "comment.comment", "pk": 6, "fields": {"content_type": 8, "object_id": 38, "text": "<p>&lt;p&gt;a&lt;/p&gt;</p>", "comment_time": "2021-03-04T10:21:35.682Z", "user": 1, "root": null, "parent": null, "reply_to": null}}, {"model": "comment.comment", "pk": 7, "fields": {"content_type": 8, "object_id": 38, "text": "<p>&lt;p&gt;a&lt;/p&gt;</p>", "comment_time": "2021-03-04T10:22:42.716Z", "user": 1, "root": null, "parent": null, "reply_to": null}}, {"model": "comment.comment", "pk": 8, "fields": {"content_type": 8, "object_id": 38, "text": "<p>123</p>", "comment_time": "2021-03-04T11:11:50.141Z", "user": 1, "root": null, "parent": null, "reply_to": null}}, {"model": "comment.comment", "pk": 9, "fields": {"content_type": 8, "object_id": 38, "text": "<p>123</p>", "comment_time": "2021-03-04T11:13:36.065Z", "user": 1, "root": null, "parent": null, "reply_to": null}}, {"model": "comment.comment", "pk": 10, "fields": {"content_type": 8, "object_id": 38, "text": "<p>qwe</p>", "comment_time": "2021-03-04T11:17:37.353Z", "user": 1, "root": null, "parent": null, "reply_to": null}}, {"model": "comment.comment", "pk": 11, "fields": {"content_type": 8, "object_id": 38, "text": "<p>qwe</p>", "comment_time": "2021-03-04T11:17:42.765Z", "user": 1, "root": null, "parent": null, "reply_to": null}}, {"model": "comment.comment", "pk": 12, "fields": {"content_type": 8, "object_id": 38, "text": "<p>12</p>", "comment_time": "2021-03-04T11:23:13.767Z", "user": 1, "root": null, "parent": null, "reply_to": null}}, {"model": "comment.comment", "pk": 13, "fields": {"content_type": 8, "object_id": 38, "text": "<p>1</p>", "comment_time": "2021-03-04T11:31:52.505Z", "user": 1, "root": null, "parent": null, "reply_to": null}}, {"model": "comment.comment", "pk": 14, "fields": {"content_type": 8, "object_id": 38, "text": "<p>2</p>", "comment_time": "2021-03-04T11:33:16.988Z", "user": 1, "root": null, "parent": null, "reply_to": null}}, {"model": "comment.comment", "pk": 15, "fields": {"content_type": 8, "object_id": 38, "text": "<p>2</p>", "comment_time": "2021-03-04T11:33:19.398Z", "user": 1, "root": null, "parent": null, "reply_to": null}}, {"model": "comment.comment", "pk": 16, "fields": {"content_type": 8, "object_id": 38, "text": "<p>3</p>", "comment_time": "2021-03-04T11:36:17.483Z", "user": 1, "root": null, "parent": null, "reply_to": null}}, {"model": "comment.comment", "pk": 17, "fields": {"content_type": 8, "object_id": 38, "text": "<p>4</p>", "comment_time": "2021-03-04T11:41:56.420Z", "user": 1, "root": null, "parent": null, "reply_to": null}}, {"model": "comment.comment", "pk": 18, "fields": {"content_type": 8, "object_id": 38, "text": "<p>5</p>", "comment_time": "2021-03-04T11:42:34.266Z", "user": 1, "root": null, "parent": null, "reply_to": null}}, {"model": "comment.comment", "pk": 19, "fields": {"content_type": 8, "object_id": 38, "text": "<p>6</p>", "comment_time": "2021-03-04T11:43:15.996Z", "user": 1, "root": null, "parent": null, "reply_to": null}}, {"model": "comment.comment", "pk": 20, "fields": {"content_type": 8, "object_id": 38, "text": "<p>7</p>", "comment_time": "2021-03-04T11:43:31.920Z", "user": 1, "root": null, "parent": null, "reply_to": null}}, {"model": "comment.comment", "pk": 21, "fields": {"content_type": 8, "object_id": 38, "text": "<p>&lt;p&gt;a&lt;/p&gt;</p>", "comment_time": "2021-03-04T11:44:51.016Z", "user": 1, "root": null, "parent": null, "reply_to": null}}, {"model": "comment.comment", "pk": 22, "fields": {"content_type": 8, "object_id": 38, "text": "<p>8</p>", "comment_time": "2021-03-04T11:46:59.524Z", "user": 1, "root": null, "parent": null, "reply_to": null}}, {"model": "comment.comment", "pk": 23, "fields": {"content_type": 8, "object_id": 38, "text": "<p>9</p>", "comment_time": "2021-03-04T14:54:17.848Z", "user": 1, "root": null, "parent": null, "reply_to": null}}, {"model": "comment.comment", "pk": 24, "fields": {"content_type": 8, "object_id": 38, "text": "<p>10</p>", "comment_time": "2021-03-04T15:02:32.222Z", "user": 1, "root": null, "parent": null, "reply_to": null}}, {"model": "comment.comment", "pk": 25, "fields": {"content_type": 8, "object_id": 38, "text": "<p>11</p>", "comment_time": "2021-03-04T15:12:05.186Z", "user": 1, "root": null, "parent": null, "reply_to": null}}, {"model": "comment.comment", "pk": 26, "fields": {"content_type": 8, "object_id": 38, "text": "<p>12</p>", "comment_time": "2021-03-04T15:21:03.466Z", "user": 1, "root": null, "parent": null, "reply_to": null}}, {"model": "comment.comment", "pk": 27, "fields": {"content_type": 8, "object_id": 38, "text": "<p>1</p>", "comment_time": "2021-03-04T15:24:19.179Z", "user": 1, "root": null, "parent": null, "reply_to": null}}, {"model": "comment.comment", "pk": 28, "fields": {"content_type": 8, "object_id": 38, "text": "<p>13</p>", "comment_time": "2021-03-04T15:28:56.858Z", "user": 1, "root": null, "parent": null, "reply_to": null}}, {"model": "comment.comment", "pk": 29, "fields": {"content_type": 8, "object_id": 38, "text": "<p>14</p>", "comment_time": "2021-03-04T15:31:09.480Z", "user": 1, "root": null, "parent": null, "reply_to": null}}, {"model": "comment.comment", "pk": 30, "fields": {"content_type": 8, "object_id": 38, "text": "<p>15</p>", "comment_time": "2021-03-04T15:31:16.974Z", "user": 1, "root": null, "parent": null, "reply_to": null}}, {"model": "comment.comment", "pk": 31, "fields": {"content_type": 8, "object_id": 38, "text": "<p>11</p>", "comment_time": "2021-03-04T15:44:26.018Z", "user": 1, "root": null, "parent": null, "reply_to": null}}, {"model": "comment.comment", "pk": 32, "fields": {"content_type": 8, "object_id": 38, "text": "<p>1</p>", "comment_time": "2021-03-04T15:45:10.653Z", "user": 1, "root": null, "parent": null, "reply_to": null}}, {"model": "comment.comment", "pk": 33, "fields": {"content_type": 8, "object_id": 38, "text": "<p>22</p>", "comment_time": "2021-03-04T15:45:14.596Z", "user": 1, "root": null, "parent": null, "reply_to": null}}, {"model": "comment.comment", "pk": 34, "fields": {"content_type": 8, "object_id": 38, "text": "<p>222</p>", "comment_time": "2021-03-04T15:46:55.352Z", "user": 1, "root": null, "parent": null, "reply_to": null}}, {"model": "comment.comment", "pk": 35, "fields": {"content_type": 8, "object_id": 38, "text": "<p>1</p>", "comment_time": "2021-03-04T15:47:01.614Z", "user": 1, "root": null, "parent": null, "reply_to": null}}, {"model": "comment.comment", "pk": 36, "fields": {"content_type": 8, "object_id": 38, "text": "<p>2</p>", "comment_time": "2021-03-04T15:47:08.011Z", "user": 1, "root": null, "parent": null, "reply_to": null}}, {"model": "comment.comment", "pk": 37, "fields": {"content_type": 8, "object_id": 32, "text": "<p>22</p>", "comment_time": "2021-03-04T15:50:41.795Z", "user": 1, "root": null, "parent": null, "reply_to": null}}, {"model": "comment.comment", "pk": 38, "fields": {"content_type": 8, "object_id": 32, "text": "<p>122</p>", "comment_time": "2021-03-04T15:52:30.846Z", "user": 1, "root": null, "parent": null, "reply_to": null}}, {"model": "comment.comment", "pk": 39, "fields": {"content_type": 8, "object_id": 32, "text": "qwe", "comment_time": "2021-03-06T02:41:35.770Z", "user": 1, "root": 38, "parent": 38, "reply_to": 1}}, {"model": "comment.comment", "pk": 40, "fields": {"content_type": 8, "object_id": 32, "text": "<p>234</p>", "comment_time": "2021-03-06T03:25:16.299Z", "user": 1, "root": null, "parent": null, "reply_to": null}}, {"model": "comment.comment", "pk": 41, "fields": {"content_type": 8, "object_id": 32, "text": "<p>234</p>", "comment_time": "2021-03-06T03:25:52.883Z", "user": 1, "root": null, "parent": null, "reply_to": null}}, {"model": "comment.comment", "pk": 42, "fields": {"content_type": 8, "object_id": 38, "text": "<p>3</p>", "comment_time": "2021-03-06T06:44:06.687Z", "user": 1, "root": 36, "parent": 36, "reply_to": 1}}, {"model": "comment.comment", "pk": 43, "fields": {"content_type": 8, "object_id": 38, "text": "<p>4</p>", "comment_time": "2021-03-06T06:44:14.713Z", "user": 1, "root": 36, "parent": 36, "reply_to": 1}}, {"model": "comment.comment", "pk": 44, "fields": {"content_type": 8, "object_id": 38, "text": "<p>5</p>", "comment_time": "2021-03-06T06:45:08.097Z", "user": 1, "root": 36, "parent": 36, "reply_to": 1}}, {"model": "comment.comment", "pk": 45, "fields": {"content_type": 8, "object_id": 38, "text": "<p>5</p>", "comment_time": "2021-03-06T06:48:21.026Z", "user": 1, "root": 36, "parent": 36, "reply_to": 1}}, {"model": "comment.comment", "pk": 46, "fields": {"content_type": 8, "object_id": 38, "text": "<p>6</p>", "comment_time": "2021-03-06T06:48:26.264Z", "user": 1, "root": 36, "parent": 36, "reply_to": 1}}, {"model": "comment.comment", "pk": 47, "fields": {"content_type": 8, "object_id": 38, "text": "<p>1</p>", "comment_time": "2021-03-06T06:52:49.362Z", "user": 1, "root": 36, "parent": 36, "reply_to": 1}}, {"model": "comment.comment", "pk": 48, "fields": {"content_type": 8, "object_id": 38, "text": "<p>3</p>", "comment_time": "2021-03-06T08:36:46.714Z", "user": 1, "root": 36, "parent": 36, "reply_to": 1}}, {"model": "comment.comment", "pk": 49, "fields": {"content_type": 8, "object_id": 38, "text": "<p>2</p>", "comment_time": "2021-03-06T08:36:54.291Z", "user": 1, "root": 36, "parent": 36, "reply_to": 1}}, {"model": "comment.comment", "pk": 50, "fields": {"content_type": 8, "object_id": 38, "text": "<p>4</p>", "comment_time": "2021-03-06T08:54:55.126Z", "user": 1, "root": 36, "parent": 36, "reply_to": 1}}, {"model": "comment.comment", "pk": 51, "fields": {"content_type": 8, "object_id": 38, "text": "<p>5</p>", "comment_time": "2021-03-06T08:55:06.598Z", "user": 1, "root": null, "parent": null, "reply_to": null}}, {"model": "comment.comment", "pk": 52, "fields": {"content_type": 8, "object_id": 38, "text": "<p>6</p>", "comment_time": "2021-03-06T09:18:35.273Z", "user": 1, "root": 51, "parent": 51, "reply_to": 1}}, {"model": "comment.comment", "pk": 53, "fields": {"content_type": 8, "object_id": 38, "text": "<p>7</p>", "comment_time": "2021-03-06T09:20:48.947Z", "user": 1, "root": 51, "parent": 51, "reply_to": 1}}, {"model": "comment.comment", "pk": 54, "fields": {"content_type": 8, "object_id": 38, "text": "<p>7</p>", "comment_time": "2021-03-06T09:25:05.821Z", "user": 1, "root": 51, "parent": 51, "reply_to": 1}}, {"model": "comment.comment", "pk": 55, "fields": {"content_type": 8, "object_id": 38, "text": "<p>8</p>", "comment_time": "2021-03-06T09:25:38.340Z", "user": 1, "root": 51, "parent": 51, "reply_to": 1}}, {"model": "comment.comment", "pk": 56, "fields": {"content_type": 8, "object_id": 38, "text": "<p>9</p>", "comment_time": "2021-03-06T09:26:03.441Z", "user": 1, "root": null, "parent": null, "reply_to": null}}, {"model": "comment.comment", "pk": 57, "fields": {"content_type": 8, "object_id": 38, "text": "<p>10</p>", "comment_time": "2021-03-06T09:26:37.796Z", "user": 1, "root": 56, "parent": 56, "reply_to": 1}}, {"model": "comment.comment", "pk": 58, "fields": {"content_type": 8, "object_id": 38, "text": "<p>11</p>", "comment_time": "2021-03-06T09:27:55.214Z", "user": 1, "root": 56, "parent": 56, "reply_to": 1}}, {"model": "comment.comment", "pk": 59, "fields": {"content_type": 8, "object_id": 38, "text": "<p>12</p>", "comment_time": "2021-03-06T09:29:29.333Z", "user": 1, "root": null, "parent": null, "reply_to": null}}, {"model": "comment.comment", "pk": 60, "fields": {"content_type": 8, "object_id": 38, "text": "<p>13</p>", "comment_time": "2021-03-06T09:29:36.063Z", "user": 1, "root": 59, "parent": 59, "reply_to": 1}}, {"model": "comment.comment", "pk": 61, "fields": {"content_type": 8, "object_id": 38, "text": "<p>14</p>", "comment_time": "2021-03-06T09:29:44.879Z", "user": 1, "root": 59, "parent": 59, "reply_to": 1}}, {"model": "comment.comment", "pk": 62, "fields": {"content_type": 8, "object_id": 38, "text": "<p>15</p>", "comment_time": "2021-03-06T09:29:58.304Z", "user": 1, "root": 59, "parent": 59, "reply_to": 1}}, {"model": "comment.comment", "pk": 63, "fields": {"content_type": 8, "object_id": 38, "text": "<p>16</p>", "comment_time": "2021-03-06T09:31:14.230Z", "user": 1, "root": 59, "parent": 59, "reply_to": 1}}, {"model": "comment.comment", "pk": 64, "fields": {"content_type": 8, "object_id": 38, "text": "<p>17</p>", "comment_time": "2021-03-06T09:31:29.853Z", "user": 1, "root": 59, "parent": 59, "reply_to": 1}}, {"model": "comment.comment", "pk": 65, "fields": {"content_type": 8, "object_id": 38, "text": "<p>18</p>", "comment_time": "2021-03-06T09:31:47.032Z", "user": 1, "root": 59, "parent": 59, "reply_to": 1}}, {"model": "comment.comment", "pk": 66, "fields": {"content_type": 8, "object_id": 38, "text": "<p>14</p>", "comment_time": "2021-03-06T09:33:58.468Z", "user": 1, "root": 59, "parent": 59, "reply_to": 1}}, {"model": "comment.comment", "pk": 67, "fields": {"content_type": 8, "object_id": 38, "text": "<p>15</p>", "comment_time": "2021-03-06T09:34:28.607Z", "user": 1, "root": 59, "parent": 59, "reply_to": 1}}, {"model": "comment.comment", "pk": 68, "fields": {"content_type": 8, "object_id": 38, "text": "<p>15</p>", "comment_time": "2021-03-06T09:35:51.602Z", "user": 1, "root": null, "parent": null, "reply_to": null}}, {"model": "comment.comment", "pk": 69, "fields": {"content_type": 8, "object_id": 38, "text": "<p>16</p>", "comment_time": "2021-03-06T09:41:24.356Z", "user": 1, "root": 68, "parent": 68, "reply_to": 1}}, {"model": "comment.comment", "pk": 70, "fields": {"content_type": 8, "object_id": 38, "text": "<p>17</p>", "comment_time": "2021-03-06T09:41:32.704Z", "user": 1, "root": 68, "parent": 69, "reply_to": 1}}, {"model": "comment.comment", "pk": 71, "fields": {"content_type": 8, "object_id": 38, "text": "<p>18</p>", "comment_time": "2021-03-06T09:42:47.932Z", "user": 3, "root": 68, "parent": 68, "reply_to": 1}}, {"model": "comment.comment", "pk": 72, "fields": {"content_type": 8, "object_id": 38, "text": "<p>19</p>", "comment_time": "2021-03-06T09:42:54.519Z", "user": 3, "root": 68, "parent": 68, "reply_to": 1}}, {"model": "comment.comment", "pk": 73, "fields": {"content_type": 8, "object_id": 39, "text": "<p>1</p>", "comment_time": "2021-03-08T06:01:46.773Z", "user": 1, "root": null, "parent": null, "reply_to": null}}, {"model": "comment.comment", "pk": 74, "fields": {"content_type": 8, "object_id": 38, "text": "<p>225</p>", "comment_time": "2021-03-08T07:14:10.884Z", "user": 1, "root": null, "parent": null, "reply_to": null}}, {"model": "comment.comment", "pk": 79, "fields": {"content_type": 8, "object_id": 38, "text": "<p>227</p>", "comment_time": "2021-03-08T07:44:31.276Z", "user": 1, "root": null, "parent": null, "reply_to": null}}, {"model": "comment.comment", "pk": 80, "fields": {"content_type": 8, "object_id": 38, "text": "<p>228</p>", "comment_time": "2021-03-08T07:44:47.997Z", "user": 1, "root": null, "parent": null, "reply_to": null}}, {"model": "comment.comment", "pk": 81, "fields": {"content_type": 8, "object_id": 38, "text": "<p>229</p>", "comment_time": "2021-03-08T07:46:24.888Z", "user": 1, "root": null, "parent": null, "reply_to": null}}, {"model": "comment.comment", "pk": 82, "fields": {"content_type": 8, "object_id": 38, "text": "<p>2</p>", "comment_time": "2021-03-09T06:44:34.317Z", "user": 1, "root": null, "parent": null, "reply_to": null}}, {"model": "comment.comment", "pk": 83, "fields": {"content_type": 8, "object_id": 38, "text": "<p>230</p>", "comment_time": "2021-03-09T07:13:11.709Z", "user": 1, "root": 81, "parent": 81, "reply_to": 1}}, {"model": "comment.comment", "pk": 84, "fields": {"content_type": 8, "object_id": 38, "text": "<p>225</p>", "comment_time": "2021-03-09T07:13:45.866Z", "user": 1, "root": null, "parent": null, "reply_to": null}}, {"model": "comment.comment", "pk": 85, "fields": {"content_type": 8, "object_id": 38, "text": "<p>225.6</p>", "comment_time": "2021-03-09T07:14:01.690Z", "user": 1, "root": 84, "parent": 84, "reply_to": 1}}, {"model": "comment.comment", "pk": 86, "fields": {"content_type": 8, "object_id": 38, "text": "<p>225.2</p>", "comment_time": "2021-03-09T07:15:29.480Z", "user": 1, "root": 84, "parent": 84, "reply_to": 1}}, {"model": "comment.comment", "pk": 87, "fields": {"content_type": 8, "object_id": 38, "text": "<p>225.7</p>", "comment_time": "2021-03-09T07:15:52.667Z", "user": 1, "root": 84, "parent": 84, "reply_to": 1}}, {"model": "comment.comment", "pk": 88, "fields": {"content_type": 8, "object_id": 38, "text": "<p>225.8</p>", "comment_time": "2021-03-09T07:19:36.431Z", "user": 1, "root": 84, "parent": 84, "reply_to": 1}}, {"model": "comment.comment", "pk": 89, "fields": {"content_type": 8, "object_id": 38, "text": "<p>225.9</p>", "comment_time": "2021-03-09T07:24:12.950Z", "user": 1, "root": 84, "parent": 88, "reply_to": 1}}, {"model": "comment.comment", "pk": 90, "fields": {"content_type": 8, "object_id": 38, "text": "<p>226.10</p>", "comment_time": "2021-03-09T07:32:56.212Z", "user": 1, "root": 84, "parent": 89, "reply_to": 1}}, {"model": "comment.comment", "pk": 91, "fields": {"content_type": 8, "object_id": 38, "text": "<p>225.11</p>", "comment_time": "2021-03-09T07:36:11.710Z", "user": 1, "root": 84, "parent": 90, "reply_to": 1}}, {"model": "comment.comment", "pk": 92, "fields": {"content_type": 8, "object_id": 38, "text": "<p>225.12</p>", "comment_time": "2021-03-09T07:37:16.618Z", "user": 1, "root": 84, "parent": 90, "reply_to": 1}}, {"model": "comment.comment", "pk": 93, "fields": {"content_type": 8, "object_id": 38, "text": "<p>226</p>", "comment_time": "2021-03-09T07:37:36.367Z", "user": 1, "root": null, "parent": null, "reply_to": null}}, {"model": "comment.comment", "pk": 94, "fields": {"content_type": 8, "object_id": 38, "text": "<p>226.1</p>", "comment_time": "2021-03-09T07:40:34.792Z", "user": 1, "root": 93, "parent": 93, "reply_to": 1}}, {"model": "comment.comment", "pk": 95, "fields": {"content_type": 8, "object_id": 38, "text": "<p><em>227 </em><strong>227 </strong><u>227 </u><s>227</s></p>", "comment_time": "2021-03-10T06:31:03.891Z", "user": 1, "root": 84, "parent": 87, "reply_to": 1}}, {"model": "comment.comment", "pk": 96, "fields": {"content_type": 8, "object_id": 38, "text": "<p>226.2</p>", "comment_time": "2021-03-11T08:36:32.199Z", "user": 1, "root": 93, "parent": 94, "reply_to": 1}}, {"model": "likes.likecount", "pk": 4, "fields": {"content_type": 8, "object_id": 37, "liked_num": 1}}, {"model": "likes.likecount", "pk": 5, "fields": {"content_type": 8, "object_id": 39, "liked_num": 1}}, {"model": "likes.likecount", "pk": 6, "fields": {"content_type": 8, "object_id": 38, "liked_num": 0}}, {"model": "likes.likecount", "pk": 7, "fields": {"content_type": 8, "object_id": 36, "liked_num": 0}}, {"model": "likes.likecount", "pk": 8, "fields": {"content_type": 8, "object_id": 35, "liked_num": 0}}, {"model": "likes.likecount", "pk": 9, "fields": {"content_type": 8, "object_id": 34, "liked_num": 0}}, {"model": "likes.likecount", "pk": 10, "fields": {"content_type": 8, "object_id": 33, "liked_num": 0}}, {"model": "likes.likecount", "pk": 11, "fields": {"content_type": 11, "object_id": 73, "liked_num": 0}}, {"model": "likes.likecount", "pk": 12, "fields": {"content_type": 11, "object_id": 81, "liked_num": 1}}, {"model": "likes.likecount", "pk": 13, "fields": {"content_type": 11, "object_id": 80, "liked_num": 1}}, {"model": "likes.likecount", "pk": 14, "fields": {"content_type": 11, "object_id": 79, "liked_num": 0}}, {"model": "likes.likecount", "pk": 15, "fields": {"content_type": 11, "object_id": 74, "liked_num": 0}}, {"model": "likes.likecount", "pk": 16, "fields": {"content_type": 11, "object_id": 68, "liked_num": 0}}, {"model": "likes.likecount", "pk": 17, "fields": {"content_type": 11, "object_id": 69, "liked_num": 0}}, {"model": "likes.likecount", "pk": 18, "fields": {"content_type": 11, "object_id": 70, "liked_num": 0}}, {"model": "likes.likecount", "pk": 19, "fields": {"content_type": 11, "object_id": 71, "liked_num": 0}}, {"model": "likes.likecount", "pk": 20, "fields": {"content_type": 11, "object_id": 72, "liked_num": 0}}, {"model": "likes.likecount", "pk": 21, "fields": {"content_type": 11, "object_id": 59, "liked_num": 0}}, {"model": "likes.likecount", "pk": 22, "fields": {"content_type": 11, "object_id": 60, "liked_num": 0}}, {"model": "likes.likecount", "pk": 23, "fields": {"content_type": 11, "object_id": 61, "liked_num": 0}}, {"model": "likes.likecount", "pk": 24, "fields": {"content_type": 11, "object_id": 62, "liked_num": 0}}, {"model": "likes.likecount", "pk": 25, "fields": {"content_type": 11, "object_id": 63, "liked_num": 0}}, {"model": "likes.likecount", "pk": 26, "fields": {"content_type": 11, "object_id": 64, "liked_num": 0}}, {"model": "likes.likecount", "pk": 27, "fields": {"content_type": 11, "object_id": 65, "liked_num": 0}}, {"model": "likes.likecount", "pk": 28, "fields": {"content_type": 11, "object_id": 66, "liked_num": 0}}, {"model": "likes.likecount", "pk": 29, "fields": {"content_type": 11, "object_id": 67, "liked_num": 0}}, {"model": "likes.likecount", "pk": 30, "fields": {"content_type": 11, "object_id": 56, "liked_num": 0}}, {"model": "likes.likecount", "pk": 31, "fields": {"content_type": 11, "object_id": 57, "liked_num": 0}}, {"model": "likes.likecount", "pk": 32, "fields": {"content_type": 11, "object_id": 58, "liked_num": 0}}, {"model": "likes.likecount", "pk": 33, "fields": {"content_type": 11, "object_id": 51, "liked_num": 0}}, {"model": "likes.likecount", "pk": 34, "fields": {"content_type": 11, "object_id": 52, "liked_num": 0}}, {"model": "likes.likecount", "pk": 35, "fields": {"content_type": 11, "object_id": 53, "liked_num": 0}}, {"model": "likes.likecount", "pk": 36, "fields": {"content_type": 11, "object_id": 54, "liked_num": 0}}, {"model": "likes.likecount", "pk": 37, "fields": {"content_type": 11, "object_id": 55, "liked_num": 0}}, {"model": "likes.likecount", "pk": 38, "fields": {"content_type": 11, "object_id": 36, "liked_num": 0}}, {"model": "likes.likecount", "pk": 39, "fields": {"content_type": 11, "object_id": 42, "liked_num": 0}}, {"model": "likes.likecount", "pk": 40, "fields": {"content_type": 11, "object_id": 43, "liked_num": 0}}, {"model": "likes.likecount", "pk": 41, "fields": {"content_type": 11, "object_id": 44, "liked_num": 0}}, {"model": "likes.likecount", "pk": 42, "fields": {"content_type": 11, "object_id": 45, "liked_num": 0}}, {"model": "likes.likecount", "pk": 43, "fields": {"content_type": 11, "object_id": 46, "liked_num": 0}}, {"model": "likes.likecount", "pk": 44, "fields": {"content_type": 11, "object_id": 47, "liked_num": 0}}, {"model": "likes.likecount", "pk": 45, "fields": {"content_type": 11, "object_id": 48, "liked_num": 0}}, {"model": "likes.likecount", "pk": 46, "fields": {"content_type": 11, "object_id": 49, "liked_num": 0}}, {"model": "likes.likecount", "pk": 47, "fields": {"content_type": 11, "object_id": 50, "liked_num": 0}}, {"model": "likes.likecount", "pk": 48, "fields": {"content_type": 11, "object_id": 35, "liked_num": 0}}, {"model": "likes.likecount", "pk": 49, "fields": {"content_type": 11, "object_id": 34, "liked_num": 0}}, {"model": "likes.likecount", "pk": 50, "fields": {"content_type": 11, "object_id": 33, "liked_num": 0}}, {"model": "likes.likecount", "pk": 51, "fields": {"content_type": 11, "object_id": 32, "liked_num": 0}}, {"model": "likes.likecount", "pk": 52, "fields": {"content_type": 11, "object_id": 31, "liked_num": 0}}, {"model": "likes.likecount", "pk": 53, "fields": {"content_type": 11, "object_id": 30, "liked_num": 0}}, {"model": "likes.likecount", "pk": 54, "fields": {"content_type": 11, "object_id": 29, "liked_num": 0}}, {"model": "likes.likecount", "pk": 55, "fields": {"content_type": 11, "object_id": 28, "liked_num": 0}}, {"model": "likes.likecount", "pk": 56, "fields": {"content_type": 11, "object_id": 27, "liked_num": 0}}, {"model": "likes.likecount", "pk": 57, "fields": {"content_type": 11, "object_id": 26, "liked_num": 0}}, {"model": "likes.likecount", "pk": 58, "fields": {"content_type": 11, "object_id": 25, "liked_num": 0}}, {"model": "likes.likecount", "pk": 59, "fields": {"content_type": 11, "object_id": 24, "liked_num": 0}}, {"model": "likes.likecount", "pk": 60, "fields": {"content_type": 11, "object_id": 23, "liked_num": 0}}, {"model": "likes.likecount", "pk": 61, "fields": {"content_type": 11, "object_id": 22, "liked_num": 0}}, {"model": "likes.likecount", "pk": 62, "fields": {"content_type": 11, "object_id": 21, "liked_num": 0}}, {"model": "likes.likecount", "pk": 63, "fields": {"content_type": 11, "object_id": 20, "liked_num": 0}}, {"model": "likes.likecount", "pk": 64, "fields": {"content_type": 11, "object_id": 19, "liked_num": 0}}, {"model": "likes.likecount", "pk": 65, "fields": {"content_type": 11, "object_id": 18, "liked_num": 0}}, {"model": "likes.likecount", "pk": 66, "fields": {"content_type": 11, "object_id": 17, "liked_num": 0}}, {"model": "likes.likecount", "pk": 67, "fields": {"content_type": 11, "object_id": 16, "liked_num": 0}}, {"model": "likes.likecount", "pk": 68, "fields": {"content_type": 11, "object_id": 15, "liked_num": 0}}, {"model": "likes.likecount", "pk": 69, "fields": {"content_type": 11, "object_id": 14, "liked_num": 0}}, {"model": "likes.likecount", "pk": 70, "fields": {"content_type": 11, "object_id": 13, "liked_num": 0}}, {"model": "likes.likecount", "pk": 71, "fields": {"content_type": 11, "object_id": 12, "liked_num": 0}}, {"model": "likes.likecount", "pk": 72, "fields": {"content_type": 11, "object_id": 11, "liked_num": 0}}, {"model": "likes.likecount", "pk": 73, "fields": {"content_type": 11, "object_id": 10, "liked_num": 0}}, {"model": "likes.likecount", "pk": 74, "fields": {"content_type": 11, "object_id": 9, "liked_num": 0}}, {"model": "likes.likecount", "pk": 75, "fields": {"content_type": 11, "object_id": 8, "liked_num": 0}}, {"model": "likes.likecount", "pk": 76, "fields": {"content_type": 11, "object_id": 7, "liked_num": 0}}, {"model": "likes.likecount", "pk": 77, "fields": {"content_type": 11, "object_id": 6, "liked_num": 0}}, {"model": "likes.likecount", "pk": 78, "fields": {"content_type": 11, "object_id": 5, "liked_num": 0}}, {"model": "likes.likecount", "pk": 79, "fields": {"content_type": 11, "object_id": 4, "liked_num": 0}}, {"model": "likes.likecount", "pk": 80, "fields": {"content_type": 11, "object_id": 3, "liked_num": 0}}, {"model": "likes.likecount", "pk": 81, "fields": {"content_type": 11, "object_id": 2, "liked_num": 0}}, {"model": "likes.likecount", "pk": 82, "fields": {"content_type": 11, "object_id": 1, "liked_num": 0}}, {"model": "likes.likecount", "pk": 83, "fields": {"content_type": 11, "object_id": 82, "liked_num": 0}}, {"model": "likes.likecount", "pk": 84, "fields": {"content_type": 11, "object_id": 84, "liked_num": 0}}, {"model": "likes.likecount", "pk": 85, "fields": {"content_type": 11, "object_id": 83, "liked_num": 0}}, {"model": "likes.likecount", "pk": 86, "fields": {"content_type": 11, "object_id": 85, "liked_num": 0}}, {"model": "likes.likecount", "pk": 87, "fields": {"content_type": 11, "object_id": 86, "liked_num": 0}}, {"model": "likes.likecount", "pk": 88, "fields": {"content_type": 11, "object_id": 87, "liked_num": 0}}, {"model": "likes.likecount", "pk": 89, "fields": {"content_type": 11, "object_id": 88, "liked_num": 0}}, {"model": "likes.likecount", "pk": 90, "fields": {"content_type": 11, "object_id": 89, "liked_num": 0}}, {"model": "likes.likecount", "pk": 91, "fields": {"content_type": 11, "object_id": 90, "liked_num": 0}}, {"model": "likes.likecount", "pk": 92, "fields": {"content_type": 11, "object_id": 91, "liked_num": 0}}, {"model": "likes.likecount", "pk": 93, "fields": {"content_type": 11, "object_id": 92, "liked_num": 0}}, {"model": "likes.likecount", "pk": 94, "fields": {"content_type": 11, "object_id": 93, "liked_num": 0}}, {"model": "likes.likecount", "pk": 95, "fields": {"content_type": 11, "object_id": 94, "liked_num": 0}}, {"model": "likes.likecount", "pk": 96, "fields": {"content_type": 8, "object_id": 6, "liked_num": 0}}, {"model": "likes.likecount", "pk": 97, "fields": {"content_type": 11, "object_id": 95, "liked_num": 0}}, {"model": "likes.likerecord", "pk": 4, "fields": {"user": 1, "liked_time": "2021-03-08T12:44:24.273Z", "content_type": 8, "object_id": 37}}, {"model": "likes.likerecord", "pk": 11, "fields": {"user": 1, "liked_time": "2021-03-09T04:07:58.348Z", "content_type": 11, "object_id": 81}}, {"model": "likes.likerecord", "pk": 12, "fields": {"user": 1, "liked_time": "2021-03-09T06:43:51.812Z", "content_type": 11, "object_id": 80}}, {"model": "likes.likerecord", "pk": 15, "fields": {"user": 1, "liked_time": "2021-03-10T06:27:08.460Z", "content_type": 8, "object_id": 39}}, {"model": "user.profile", "pk": 1, "fields": {"user": 1, "nickname": "昵称四"}}]
